id,gender,title,first,last,email,cell,nat
0,female,Mrs,Beatrice,White,beatrice.white@example.com,507-248-8325,CA
1,female,Miss,پارمیس,سلطانی نژاد,prmys.sltnynjd@example.com,0940-107-4276,IR
2,male,Mr,Roman,Benning,roman.benning@example.com,0175-1548199,DE
3,female,Miss,Nicole,Ortiz,nicole.ortiz@example.com,0743-460-860,GB
4,male,Mr,Adem,Kunt,adem.kunt@example.com,(097)-377-1080,TR
5,female,Ms,Sara,Jokinen,sara.jokinen@example.com,047-002-57-95,FI
6,female,Mrs,Luisa,Crespo,luisa.crespo@example.com,620-191-912,ES
7,male,Mr,مهراد,كامياران,mhrd.kmyrn@example.com,0946-077-7018,IR
8,female,Miss,Roseli,Teixeira,roseli.teixeira@example.com,(63) 7645-9297,BR
9,male,Mr,Jacob,Davies,jacob.davies@example.com,(641)-928-6613,NZ
